{
  "name": "Jechanka",
  "description": "prosto i na temat jechane z wami jest",
  "createdAtMillis": 1587564804984,
  "home": {
    "w": "world",
    "lx": 66.0729073667183,
    "ly": 79.1875,
    "lz": -497.7572049825618,
    "p": 4.0500774,
    "y": -282.86267
  }
}