{
  "name": "ABC",
  "createdAtMillis": 1587825333716,
  "home": {
    "w": "world",
    "lx": -1320.5609758534183,
    "ly": 61.0,
    "lz": 466.6757759122051,
    "p": 16.65012,
    "y": 32.41636
  }
}